Title,Price,Company
백만 번의 세계가 끝날 무렵,"12,600",캐트리오나 실비 · 문학수첩  · 2024.06.28
Love Somebody(러브 섬바디),"15,300",C. R. 로섹 · 폭스코너  · 2024.05.20
블랙아웃,"15,120",도니엘 클레이턴 외 · 문학동네  · 2024.03.18
러브 온 더 브레인,"15,300",알리 헤이즐우드 · 황금시간  · 2024.01.22
베렌과 루시엔,"35,820",J. R. R. 톨킨 · 아르테(arte)  · 2024.01.19
위시,"15,750",니컬러스 스파크스 · 모모  · 2023.12.01
이토록 완벽한 실종,"16,200",줄리안 맥클린 · 해피북스투유  · 2023.12.01
길들여지지 않은 카우보이,"4,950",비키 루이스 톰슨 · 신영미디어  · 2023.10.31
왕후로 책봉되다,"4,950",루시 먼로 · 신영미디어  · 2023.10.31
"낯선 사막, 위험한 남자","4,950",미셀 콘더 · 신영미디어  · 2023.10.31
로미오의 연인,"4,950",타우니 웨버 · 신영미디어  · 2023.10.31
억만장자와의 두 번째 기회,"4,950",재니스 메이나드 · 신영미디어  · 2023.10.31
진정한 관계,"4,950",주리 데이 · 신영미디어  · 2023.10.31
하룻밤의 결실,"4,950",재니스 메이나드 · 신영미디어  · 2023.10.31
"아름다운 세상이여, 그대는 어디에","17,820",샐리 루니 · 아르테(arte)  · 2023.11.01
그에게 빠지는 순간,"4,950",아드리아나 에레라 · 신영미디어  · 2023.09.08
그를 떠나기 위해,"4,950",애니 웨스트 · 신영미디어  · 2023.09.08
키스는 다음에,"4,950",케이틀린 크루스 · 신영미디어  · 2023.09.08
와이오밍의 연인들,"4,950",조앤 락 · 신영미디어  · 2023.09.08
사랑은 체스처럼,"4,950",애니 웨스트 · 신영미디어  · 2023.09.08
가면무도회의 진실,"4,950",레이첼 베일리 · 신영미디어  · 2023.09.08
카리브해의 선물,"4,950",조앤 락 · 신영미디어  · 2023.09.08
내가 빠진 로맨스,"15,750",베스 올리리 · 모모  · 2023.09.20
나와 결혼해 줘요,"4,950",조앤 락 · 신영미디어  · 2023.07.27
잊을 수 없는 주말,"4,950",안드레아 로렌스 · 신영미디어  · 2023.07.27
이 약혼은 무효입니다,"4,950",애니 웨스트 · 신영미디어  · 2023.07.27
두 번째 키스,"4,950",조앤 락 · 신영미디어  · 2023.07.27
끝나지 않은 밤,"4,950",제인 포터 · 신영미디어  · 2023.07.27
그녀에게 필요한 것,"4,950",다니 콜린스 · 신영미디어  · 2023.07.27
블랙 아웃,"4,950",리즈 라이언 · 신영미디어  · 2023.07.27
그 발레리나의 제안,"4,950",조앤 락 · 신영미디어  · 2023.07.27
그곳의 너와 이곳의 나는,"17,550",사라 로츠 · 달다  · 2023.07.25
하룻밤의 불꽃,"4,950",나이마 시몬 · 신영미디어  · 2023.06.29
앰벌리에게 가장 필요한 것,"4,950",캐서린 가베라 · 신영미디어  · 2023.06.29
이 관계는 실수가 아니다,"4,950",쥘 베넷 · 신영미디어  · 2023.06.29
"마침내, 사랑","4,950",타라 팜미 · 신영미디어  · 2023.06.29
달콤한 그대에게 사랑을,"4,950",사라 엠 앤더슨 · 신영미디어  · 2023.06.23
상처의 교차로,"4,950",조앤 락 · 신영미디어  · 2023.06.23
도망친 신부의 자리,"4,950",린 그레이엄 · 신영미디어  · 2023.06.23
불가능한 기적,"4,950",다니 콜린스 · 신영미디어  · 2023.06.23
원수를 사랑하는 방법,"4,950",로빈 맥그래디 · 신영미디어  · 2023.06.02
갚을 수 없는 빚,"4,950",조앤 락 · 신영미디어  · 2023.06.09
텍사스에서 만나요,"4,950",쥘 베넷 · 신영미디어  · 2023.06.02
당신이 원한다면,"4,950",브렌다 잭슨 · 신영미디어  · 2023.06.02
나바로의 목적지,"4,950",모린 차일드 · 신영미디어  · 2023.05.10
수줍은 왕비님의 고백,"4,950",나탈리 앤더슨 · 신영미디어  · 2023.05.10
세 번째 소원,"4,950",미셀 콘더 · 신영미디어  · 2023.05.10
속삭이는 열정,"4,950",셰리 화이트페더 · 신영미디어  · 2023.05.10
그림자와 함께한 밤,"4,950",마야 블레이크 · 신영미디어  · 2023.04.28
행복을 위하여,"4,950",애니 웨스트 · 신영미디어  · 2023.04.28
